344,dir2/subject_179_5.jpg
345,dir2/subject_76_2.jpg
346,dir2/subject_311_8.jpg
347,dir2/subject_69_7.jpg
340,dir2/subject_204_1.jpg
341,dir2/subject_307_10.jpg
342,dir2/subject_166_2.jpg
343,dir2/subject_304_4.jpg
348,dir2/subject_127_4.jpg
349,dir2/subject_258_2.jpg
1653,dir9/subject_75_30.jpg
298,dir2/subject_270_2.jpg
299,dir2/subject_208_2.jpg
296,dir2/subject_67_4.jpg
297,dir2/subject_235_2.jpg
294,dir2/subject_162_10.jpg
295,dir2/subject_87_1.jpg
292,dir2/subject_110_3.jpg
293,dir2/subject_155_3.jpg
290,dir2/subject_292_1.jpg
291,dir2/subject_144_10.jpg
270,dir2/subject_129_2.jpg
271,dir2/subject_208_7.jpg
272,dir2/subject_250_2.jpg
273,dir2/subject_276_1.jpg
274,dir2/subject_233_1.jpg
275,dir2/subject_289_3.jpg
276,dir2/subject_39_2.jpg
277,dir2/subject_294_6.jpg
278,dir2/subject_24_7.jpg
279,dir2/subject_274_2.jpg
1780,dir9/subject_350_29.jpg
1781,dir9/subject_594_26.jpg
108,dir1/王 建华_13.jpg
109,dir1/邹文_8.jpg
102,dir1/吕新华_11.jpg
103,dir1/戴敏_13.jpg
100,dir1/尤宇轩_4.jpg
101,dir1/邹冬梅_7.jpg
106,dir1/于 淑华_4.jpg
107,dir1/谭健_4.jpg
104,dir1/殷鹏飞_12.jpg
105,dir1/向俊豪_5.jpg
1372,dir7/subject_132_22.jpg
1001,dir5/subject_429_29.jpg
1210,dir6/subject_177_26.jpg
1375,dir7/subject_198_21.jpg
1655,dir9/subject_393_23.jpg
1374,dir7/subject_196_30.jpg
99,dir1/田卫东_16.jpg
98,dir1/郭国强_14.jpg
91,dir1/谭健_6.jpg
90,dir1/吴杰_8.jpg
93,dir1/蔡 志华_17.jpg
92,dir1/尤杰_10.jpg
95,dir1/谭健_7.jpg
94,dir1/邹冬梅_5.jpg
97,dir1/刘明_14.jpg
96,dir1/潘刚_3.jpg
1623,dir8/subject_384_22.jpg
1622,dir8/subject_204_24.jpg
1621,dir8/subject_60_23.jpg
1620,dir8/subject_279_25.jpg
1627,dir8/subject_164_30.jpg
1626,dir8/subject_149_29.jpg
1625,dir8/subject_434_23.jpg
1624,dir8/subject_216_26.jpg
1629,dir8/subject_391_28.jpg
1377,dir7/subject_223_21.jpg
559,dir3/subject_223_23.jpg
558,dir3/subject_12_30.jpg
555,dir3/subject_340_27.jpg
554,dir3/subject_23_28.jpg
557,dir3/subject_350_22.jpg
556,dir3/subject_34_24.jpg
551,dir3/subject_397_26.jpg
550,dir3/subject_418_28.jpg
553,dir3/subject_460_27.jpg
552,dir3/subject_188_22.jpg
1439,dir8/subject_79_26.jpg
1199,dir6/subject_233_26.jpg
1198,dir6/subject_49_30.jpg
1191,dir6/subject_374_22.jpg
1190,dir6/subject_92_27.jpg
1193,dir6/subject_146_28.jpg
1192,dir6/subject_31_29.jpg
1195,dir6/subject_177_21.jpg
1194,dir6/subject_252_27.jpg
1197,dir6/subject_429_23.jpg
1196,dir6/subject_101_28.jpg
1759,dir9/subject_511_22.jpg
1758,dir9/subject_177_24.jpg
1757,dir9/subject_317_26.jpg
1756,dir9/subject_3_25.jpg
1755,dir9/subject_636_21.jpg
1754,dir9/subject_631_28.jpg
1753,dir9/subject_435_22.jpg
1752,dir9/subject_295_24.jpg
1751,dir9/subject_448_22.jpg
1750,dir9/subject_539_22.jpg
1177,dir6/subject_114_23.jpg
1176,dir6/subject_92_24.jpg
1175,dir6/subject_207_30.jpg
1174,dir6/subject_234_29.jpg
1173,dir6/subject_239_26.jpg
1172,dir6/subject_254_23.jpg
1171,dir6/subject_30_25.jpg
1170,dir6/subject_407_26.jpg
1179,dir6/subject_186_30.jpg
1178,dir6/subject_92_25.jpg
511,dir3/subject_163_22.jpg
510,dir3/subject_433_25.jpg
513,dir3/subject_452_21.jpg
1285,dir6/subject_241_25.jpg
1284,dir6/subject_235_28.jpg
1287,dir6/subject_96_28.jpg
512,dir3/subject_367_29.jpg
1281,dir6/subject_341_30.jpg
1280,dir6/subject_341_24.jpg
1283,dir6/subject_88_29.jpg
1282,dir6/subject_241_24.jpg
1003,dir5/subject_259_24.jpg
879,dir4/subject_178_23.jpg
1289,dir6/subject_54_23.jpg
1288,dir6/subject_239_29.jpg
514,dir3/subject_147_22.jpg
1579,dir8/subject_368_28.jpg
1578,dir8/subject_183_25.jpg
689,dir4/subject_327_23.jpg
688,dir4/subject_329_26.jpg
685,dir4/subject_407_22.jpg
684,dir4/subject_329_27.jpg
687,dir4/subject_442_27.jpg
686,dir4/subject_152_28.jpg
681,dir3/subject_391_29.jpg
680,dir3/subject_199_22.jpg
683,dir3/subject_241_23.jpg
682,dir3/subject_58_30.jpg
458,dir2/subject_318_1.jpg
1226,dir6/subject_324_30.jpg
621,dir3/subject_78_21.jpg
873,dir4/subject_140_27.jpg
1224,dir6/subject_183_21.jpg
1223,dir6/subject_170_22.jpg
1222,dir6/subject_95_25.jpg
1221,dir6/subject_328_25.jpg
1220,dir6/subject_95_30.jpg
407,dir2/subject_140_4.jpg
406,dir2/subject_274_10.jpg
405,dir2/subject_222_7.jpg
404,dir2/subject_5_2.jpg
403,dir2/subject_222_6.jpg
402,dir2/subject_11_1.jpg
401,dir2/subject_285_1.jpg
400,dir2/subject_208_8.jpg
1379,dir7/subject_118_29.jpg
1378,dir7/subject_87_25.jpg
1342,dir7/subject_235_25.jpg
409,dir2/subject_208_9.jpg
408,dir2/subject_304_1.jpg
453,dir2/subject_12_7.jpg
454,dir2/subject_34_4.jpg
455,dir2/subject_91_1.jpg
1346,dir7/subject_84_26.jpg
1347,dir7/subject_27_28.jpg
379,dir2/subject_219_3.jpg
378,dir2/subject_317_9.jpg
371,dir2/subject_127_1.jpg
370,dir2/subject_224_3.jpg
373,dir2/subject_50_6.jpg
372,dir2/subject_24_10.jpg
375,dir2/subject_1_5.jpg
374,dir2/subject_106_10.jpg
377,dir2/subject_278_2.jpg
376,dir2/subject_121_7.jpg
393,dir2/subject_180_7.jpg
392,dir2/subject_237_8.jpg
391,dir2/subject_295_10.jpg
390,dir2/subject_121_6.jpg
397,dir2/subject_101_1.jpg
396,dir2/subject_94_1.jpg
395,dir2/subject_155_9.jpg
394,dir2/subject_69_3.jpg
399,dir2/subject_278_1.jpg
398,dir2/subject_270_8.jpg
895,dir5/subject_70_29.jpg
245,dir2/subject_277_5.jpg
244,dir2/subject_62_1.jpg
247,dir2/subject_314_3.jpg
246,dir2/subject_316_1.jpg
241,dir2/subject_291_6.jpg
240,dir2/subject_42_4.jpg
243,dir2/subject_163_9.jpg
242,dir2/subject_79_2.jpg
249,dir2/subject_309_6.jpg
248,dir2/subject_307_9.jpg
179,dir2/subject_40_1.jpg
178,dir2/subject_137_6.jpg
177,dir2/subject_271_4.jpg
176,dir2/subject_84_5.jpg
175,dir2/subject_14_9.jpg
174,dir2/subject_42_3.jpg
173,dir2/subject_135_4.jpg
172,dir2/subject_156_7.jpg
171,dir2/subject_79_5.jpg
170,dir2/subject_264_8.jpg
1502,dir8/subject_186_27.jpg
1503,dir8/subject_55_21.jpg
1500,dir8/subject_113_29.jpg
1501,dir8/subject_331_27.jpg
1506,dir8/subject_129_29.jpg
1507,dir8/subject_376_26.jpg
1367,dir7/subject_141_25.jpg
1504,dir8/subject_125_29.jpg
1505,dir8/subject_24_21.jpg
1227,dir6/subject_302_22.jpg
659,dir3/subject_232_21.jpg
1618,dir8/subject_344_29.jpg
1619,dir8/subject_262_29.jpg
1616,dir8/subject_176_23.jpg
1617,dir8/subject_318_24.jpg
1614,dir8/subject_265_30.jpg
1615,dir8/subject_216_21.jpg
1612,dir8/subject_424_21.jpg
1613,dir8/subject_150_27.jpg
1610,dir8/subject_81_30.jpg
1611,dir8/subject_407_29.jpg
1768,dir9/subject_458_30.jpg
1769,dir9/subject_274_24.jpg
1762,dir9/subject_205_26.jpg
1763,dir9/subject_118_26.jpg
1760,dir9/subject_47_30.jpg
1761,dir9/subject_661_25.jpg
1766,dir9/subject_177_26.jpg
1767,dir9/subject_151_22.jpg
1764,dir9/subject_420_28.jpg
1765,dir9/subject_444_21.jpg
1142,dir6/subject_237_25.jpg
1143,dir6/subject_306_29.jpg
1140,dir6/subject_204_28.jpg
1141,dir6/subject_254_25.jpg
1146,dir6/subject_147_26.jpg
1147,dir6/subject_30_27.jpg
1144,dir6/subject_423_25.jpg
1145,dir6/subject_372_25.jpg
1148,dir6/subject_51_22.jpg
1149,dir6/subject_360_25.jpg
692,dir4/subject_244_21.jpg
693,dir4/subject_20_27.jpg
690,dir4/subject_159_21.jpg
691,dir4/subject_440_22.jpg
696,dir4/subject_421_25.jpg
697,dir4/subject_442_25.jpg
694,dir4/subject_329_30.jpg
695,dir4/subject_41_22.jpg
698,dir4/subject_270_24.jpg
699,dir4/subject_251_29.jpg
1548,dir8/subject_188_28.jpg
1549,dir8/subject_170_22.jpg
542,dir3/subject_124_24.jpg
543,dir3/subject_334_29.jpg
540,dir3/subject_96_27.jpg
541,dir3/subject_329_23.jpg
546,dir3/subject_198_25.jpg
547,dir3/subject_198_24.jpg
544,dir3/subject_210_28.jpg
545,dir3/subject_414_29.jpg
548,dir3/subject_141_23.jpg
549,dir3/subject_264_25.jpg
1782,dir9/subject_664_27.jpg
1783,dir9/subject_113_22.jpg
1784,dir9/subject_274_29.jpg
1785,dir9/subject_525_29.jpg
1786,dir9/subject_300_25.jpg
1787,dir9/subject_504_24.jpg
414,dir2/subject_261_1.jpg
415,dir2/subject_152_9.jpg
416,dir2/subject_205_3.jpg
417,dir2/subject_307_4.jpg
410,dir2/subject_298_5.jpg
411,dir2/subject_270_9.jpg
412,dir2/subject_258_5.jpg
413,dir2/subject_211_8.jpg
1384,dir7/subject_137_24.jpg
1385,dir7/subject_224_23.jpg
1386,dir7/subject_228_22.jpg
1387,dir7/subject_21_21.jpg
418,dir2/subject_106_1.jpg
419,dir2/subject_318_3.jpg
1382,dir7/subject_212_26.jpg
1383,dir7/subject_118_28.jpg
368,dir2/subject_180_2.jpg
369,dir2/subject_74_7.jpg
366,dir2/subject_144_6.jpg
367,dir2/subject_258_3.jpg
364,dir2/subject_1_10.jpg
365,dir2/subject_337_8.jpg
362,dir2/subject_73_10.jpg
363,dir2/subject_298_3.jpg
360,dir2/subject_123_1.jpg
361,dir2/subject_132_10.jpg
380,dir2/subject_123_5.jpg
381,dir2/subject_54_2.jpg
382,dir2/subject_267_5.jpg
383,dir2/subject_204_7.jpg
384,dir2/subject_141_10.jpg
385,dir2/subject_140_7.jpg
386,dir2/subject_304_2.jpg
387,dir2/subject_179_3.jpg
388,dir2/subject_70_2.jpg
389,dir2/subject_285_3.jpg
258,dir2/subject_153_2.jpg
259,dir2/subject_130_1.jpg
252,dir2/subject_270_4.jpg
253,dir2/subject_208_4.jpg
250,dir2/subject_54_10.jpg
251,dir2/subject_313_2.jpg
256,dir2/subject_204_8.jpg
257,dir2/subject_294_4.jpg
254,dir2/subject_81_1.jpg
255,dir2/subject_252_3.jpg
1679,dir9/subject_574_21.jpg
1849,dir9/subject_444_29.jpg
1848,dir9/subject_89_25.jpg
168,dir2/subject_44_5.jpg
169,dir2/subject_221_8.jpg
164,dir2/subject_288_2.jpg
165,dir2/subject_46_7.jpg
166,dir2/subject_80_1.jpg
167,dir2/subject_150_1.jpg
160,dir2/subject_150_3.jpg
161,dir2/subject_166_10.jpg
162,dir2/subject_275_2.jpg
163,dir2/subject_174_2.jpg
1842,dir9/subject_619_22.jpg
1841,dir9/subject_238_25.jpg
1840,dir9/subject_448_28.jpg
678,dir3/subject_166_21.jpg
679,dir3/subject_375_26.jpg
1814,dir9/subject_263_26.jpg
1815,dir9/subject_177_28.jpg
1816,dir9/subject_414_22.jpg
1817,dir9/subject_144_25.jpg
1810,dir9/subject_273_23.jpg
1811,dir9/subject_42_30.jpg
1812,dir9/subject_300_26.jpg
1813,dir9/subject_652_30.jpg
1818,dir9/subject_668_25.jpg
1819,dir9/subject_666_24.jpg
670,dir3/subject_189_30.jpg
671,dir3/subject_86_29.jpg
1609,dir8/subject_203_29.jpg
1608,dir8/subject_37_22.jpg
1601,dir8/subject_281_28.jpg
1600,dir8/subject_322_26.jpg
1603,dir8/subject_131_21.jpg
1602,dir8/subject_204_22.jpg
1605,dir8/subject_353_26.jpg
1604,dir8/subject_284_24.jpg
1607,dir8/subject_434_25.jpg
1606,dir8/subject_216_22.jpg
809,dir4/subject_200_22.jpg
808,dir4/subject_19_30.jpg
803,dir4/subject_387_29.jpg
802,dir4/subject_299_29.jpg
801,dir4/subject_361_23.jpg
800,dir4/subject_106_28.jpg
807,dir4/subject_282_21.jpg
806,dir4/subject_292_30.jpg
805,dir4/subject_68_30.jpg
804,dir4/subject_143_28.jpg
1775,dir9/subject_24_27.jpg
1774,dir9/subject_177_27.jpg
1777,dir9/subject_205_25.jpg
1776,dir9/subject_278_25.jpg
1771,dir9/subject_558_25.jpg
1770,dir9/subject_274_25.jpg
1773,dir9/subject_188_24.jpg
1772,dir9/subject_636_22.jpg
1779,dir9/subject_350_30.jpg
1778,dir9/subject_250_30.jpg
608,dir3/subject_326_23.jpg
1159,dir6/subject_281_25.jpg
1158,dir6/subject_407_27.jpg
1155,dir6/subject_339_27.jpg
1154,dir6/subject_53_24.jpg
1157,dir6/subject_147_25.jpg
1156,dir6/subject_254_22.jpg
1151,dir6/subject_51_23.jpg
1150,dir6/subject_360_24.jpg
1153,dir6/subject_407_25.jpg
1152,dir6/subject_110_23.jpg
1555,dir8/subject_420_27.jpg
1554,dir8/subject_371_27.jpg
1551,dir8/subject_6_26.jpg
1550,dir8/subject_233_28.jpg
1553,dir8/subject_137_21.jpg
1552,dir8/subject_437_29.jpg
59,dir1/赖旭_20.jpg
58,dir1/于 国平_15.jpg
1557,dir8/subject_55_28.jpg
1556,dir8/subject_290_24.jpg
55,dir1/邓 秀梅_4.jpg
54,dir1/尹晓东_10.jpg
57,dir1/程 月英_7.jpg
56,dir1/廖俊_1.jpg
51,dir1/田卫东_18.jpg
50,dir1/吴杰_5.jpg
53,dir1/孙玉林_20.jpg
52,dir1/秦超_16.jpg
537,dir3/subject_442_22.jpg
536,dir3/subject_246_22.jpg
535,dir3/subject_43_21.jpg
534,dir3/subject_254_22.jpg
533,dir3/subject_339_27.jpg
532,dir3/subject_339_25.jpg
531,dir3/subject_102_23.jpg
530,dir3/subject_94_21.jpg
539,dir3/subject_203_27.jpg
538,dir3/subject_128_24.jpg
1558,dir8/subject_170_21.jpg
429,dir2/subject_16_1.jpg
428,dir2/subject_7_10.jpg
1399,dir7/subject_218_25.jpg
1398,dir7/subject_150_30.jpg
421,dir2/subject_198_2.jpg
420,dir2/subject_91_3.jpg
423,dir2/subject_100_7.jpg
422,dir2/subject_12_5.jpg
425,dir2/subject_67_10.jpg
424,dir2/subject_262_4.jpg
427,dir2/subject_238_3.jpg
426,dir2/subject_14_3.jpg
229,dir2/subject_99_6.jpg
228,dir2/subject_135_2.jpg
227,dir2/subject_140_10.jpg
226,dir2/subject_330_3.jpg
225,dir2/subject_196_1.jpg
224,dir2/subject_150_7.jpg
223,dir2/subject_286_9.jpg
222,dir2/subject_60_2.jpg
221,dir2/subject_295_3.jpg
220,dir2/subject_275_6.jpg
151,dir2/subject_66_1.jpg
150,dir2/subject_106_8.jpg
153,dir2/subject_210_6.jpg
152,dir2/subject_334_2.jpg
155,dir2/subject_255_7.jpg
154,dir2/subject_255_6.jpg
157,dir2/subject_21_2.jpg
156,dir2/subject_273_4.jpg
159,dir2/subject_106_9.jpg
158,dir2/subject_44_7.jpg
1807,dir9/subject_17_30.jpg
1806,dir9/subject_263_27.jpg
1805,dir9/subject_395_28.jpg
1804,dir9/subject_491_29.jpg
1803,dir9/subject_50_25.jpg
1802,dir9/subject_594_25.jpg
1801,dir9/subject_224_26.jpg
1800,dir9/subject_144_30.jpg
1809,dir9/subject_36_29.jpg
1808,dir9/subject_300_27.jpg
1524,dir8/subject_427_21.jpg
1544,dir8/subject_162_23.jpg
1525,dir8/subject_347_29.jpg
1526,dir8/subject_266_30.jpg
818,dir4/subject_219_28.jpg
819,dir4/subject_74_22.jpg
1527,dir8/subject_55_26.jpg
810,dir4/subject_135_21.jpg
811,dir4/subject_95_22.jpg
812,dir4/subject_64_24.jpg
813,dir4/subject_64_25.jpg
814,dir4/subject_95_23.jpg
815,dir4/subject_427_28.jpg
816,dir4/subject_183_25.jpg
817,dir4/subject_234_25.jpg
1545,dir8/subject_42_26.jpg
1522,dir8/subject_399_25.jpg
1523,dir8/subject_401_25.jpg
1490,dir8/subject_233_21.jpg
1397,dir7/subject_288_24.jpg
1492,dir8/subject_205_22.jpg
1493,dir8/subject_427_27.jpg
1494,dir8/subject_80_27.jpg
1495,dir8/subject_366_22.jpg
1496,dir8/subject_317_22.jpg
1396,dir7/subject_70_21.jpg
1498,dir8/subject_186_26.jpg
1499,dir8/subject_151_30.jpg
1395,dir7/subject_58_21.jpg
1700,dir9/subject_100_24.jpg
1701,dir9/subject_22_25.jpg
1702,dir9/subject_155_24.jpg
1394,dir7/subject_35_30.jpg
1704,dir9/subject_60_28.jpg
1705,dir9/subject_421_22.jpg
1706,dir9/subject_136_24.jpg
1707,dir9/subject_643_25.jpg
1708,dir9/subject_149_21.jpg
1393,dir7/subject_14_29.jpg
1392,dir7/subject_133_25.jpg
1391,dir7/subject_4_27.jpg
1390,dir7/subject_85_24.jpg
1128,dir6/subject_136_21.jpg
1129,dir6/subject_386_28.jpg
1628,dir8/subject_152_24.jpg
1120,dir6/subject_203_23.jpg
1121,dir6/subject_407_22.jpg
1122,dir6/subject_248_22.jpg
1123,dir6/subject_88_23.jpg
1124,dir6/subject_77_21.jpg
1125,dir6/subject_248_23.jpg
1126,dir6/subject_407_23.jpg
1127,dir6/subject_381_21.jpg
524,dir3/subject_377_29.jpg
525,dir3/subject_155_26.jpg
526,dir3/subject_442_21.jpg
527,dir3/subject_86_21.jpg
520,dir3/subject_239_24.jpg
521,dir3/subject_339_24.jpg
522,dir3/subject_256_24.jpg
523,dir3/subject_452_25.jpg
1014,dir5/subject_469_22.jpg
1015,dir5/subject_418_22.jpg
1016,dir5/subject_99_26.jpg
1017,dir5/subject_408_23.jpg
528,dir3/subject_30_26.jpg
529,dir3/subject_18_27.jpg
1012,dir5/subject_36_28.jpg
1013,dir5/subject_103_24.jpg
1234,dir6/subject_177_29.jpg
1235,dir6/subject_382_24.jpg
1236,dir6/subject_17_25.jpg
1237,dir6/subject_21_30.jpg
1230,dir6/subject_290_24.jpg
1231,dir6/subject_78_30.jpg
1232,dir6/subject_78_24.jpg
1233,dir6/subject_234_23.jpg
1238,dir6/subject_122_29.jpg
1239,dir6/subject_23_21.jpg
438,dir2/subject_104_2.jpg
439,dir2/subject_288_9.jpg
436,dir2/subject_266_1.jpg
437,dir2/subject_307_5.jpg
434,dir2/subject_303_1.jpg
435,dir2/subject_318_2.jpg
432,dir2/subject_42_8.jpg
433,dir2/subject_325_2.jpg
430,dir2/subject_23_9.jpg
431,dir2/subject_246_4.jpg
238,dir2/subject_312_5.jpg
239,dir2/subject_111_2.jpg
234,dir2/subject_64_6.jpg
235,dir2/subject_255_3.jpg
236,dir2/subject_149_7.jpg
237,dir2/subject_107_10.jpg
230,dir2/subject_113_1.jpg
231,dir2/subject_156_1.jpg
232,dir2/subject_128_7.jpg
233,dir2/subject_262_8.jpg
1,dir1/樊坤_3.jpg
146,dir1/吴兰英_8.jpg
147,dir1/俞浩然_5.jpg
144,dir1/文阳_20.jpg
145,dir1/傅 金山_11.jpg
142,dir1/吴兰英_9.jpg
143,dir1/孙淑珍_2.jpg
140,dir1/张 国华_2.jpg
141,dir1/史锋_15.jpg
148,dir2/subject_60_7.jpg
149,dir2/subject_275_3.jpg
1832,dir9/subject_50_21.jpg
1833,dir9/subject_289_29.jpg
1830,dir9/subject_170_24.jpg
1831,dir9/subject_292_25.jpg
1836,dir9/subject_111_23.jpg
1837,dir9/subject_530_24.jpg
1834,dir9/subject_668_22.jpg
1835,dir9/subject_162_26.jpg
1838,dir9/subject_261_24.jpg
1839,dir9/subject_261_30.jpg
939,dir5/subject_105_29.jpg
938,dir5/subject_450_22.jpg
933,dir5/subject_65_25.jpg
932,dir5/subject_39_28.jpg
931,dir5/subject_329_22.jpg
930,dir5/subject_450_23.jpg
937,dir5/subject_86_22.jpg
936,dir5/subject_100_25.jpg
935,dir5/subject_117_28.jpg
934,dir5/subject_474_22.jpg
829,dir4/subject_290_23.jpg
828,dir4/subject_418_30.jpg
825,dir4/subject_21_22.jpg
824,dir4/subject_403_28.jpg
827,dir4/subject_361_25.jpg
826,dir4/subject_219_29.jpg
821,dir4/subject_19_27.jpg
820,dir4/subject_21_23.jpg
823,dir4/subject_326_24.jpg
822,dir4/subject_200_21.jpg
1536,dir8/subject_188_30.jpg
1483,dir8/subject_221_21.jpg
1482,dir8/subject_309_21.jpg
1481,dir8/subject_207_24.jpg
1480,dir8/subject_186_25.jpg
1487,dir8/subject_186_30.jpg
1486,dir8/subject_264_25.jpg
1485,dir8/subject_403_24.jpg
1484,dir8/subject_38_27.jpg
1489,dir8/subject_1_26.jpg
1488,dir8/subject_28_22.jpg
797,dir4/subject_28_28.jpg
796,dir4/subject_200_26.jpg
795,dir4/subject_19_21.jpg
794,dir4/subject_28_29.jpg
793,dir4/subject_441_22.jpg
792,dir4/subject_122_28.jpg
791,dir4/subject_183_23.jpg
790,dir4/subject_90_29.jpg
1719,dir9/subject_179_26.jpg
1718,dir9/subject_1_27.jpg
799,dir4/subject_245_22.jpg
798,dir4/subject_21_30.jpg
1270,dir6/subject_341_27.jpg
1271,dir6/subject_455_22.jpg
1272,dir6/subject_13_21.jpg
1139,dir6/subject_455_28.jpg
1138,dir6/subject_138_27.jpg
1133,dir6/subject_358_30.jpg
1132,dir6/subject_409_30.jpg
1131,dir6/subject_339_23.jpg
1130,dir6/subject_149_24.jpg
1137,dir6/subject_145_27.jpg
1136,dir6/subject_77_23.jpg
1135,dir6/subject_235_21.jpg
1134,dir6/subject_51_27.jpg
1276,dir6/subject_123_21.jpg
1277,dir6/subject_339_28.jpg
519,dir3/subject_84_25.jpg
518,dir3/subject_466_25.jpg
1009,dir5/subject_191_22.jpg
1008,dir5/subject_148_30.jpg
1007,dir5/subject_19_21.jpg
1006,dir5/subject_282_24.jpg
1005,dir5/subject_469_23.jpg
1004,dir5/subject_408_30.jpg
515,dir3/subject_283_27.jpg
1002,dir5/subject_99_25.jpg
517,dir3/subject_102_26.jpg
1000,dir5/subject_446_29.jpg
623,dir3/subject_95_22.jpg
622,dir3/subject_469_26.jpg
1225,dir6/subject_290_26.jpg
620,dir3/subject_6_21.jpg
627,dir3/subject_334_27.jpg
626,dir3/subject_336_22.jpg
625,dir3/subject_263_23.jpg
624,dir3/subject_191_26.jpg
629,dir3/subject_418_27.jpg
628,dir3/subject_1_29.jpg
1229,dir6/subject_111_25.jpg
1228,dir6/subject_324_26.jpg
1535,dir8/subject_3_26.jpg
2,dir1/邹文_1.jpg
1286,dir6/subject_455_21.jpg
11,dir1/尤宇轩_20.jpg
10,dir1/夏玲_1.jpg
13,dir1/薛永华_1.jpg
12,dir1/温杨_7.jpg
15,dir1/孙淑珍_16.jpg
14,dir1/牛晶晶_8.jpg
17,dir1/汤龙_6.jpg
16,dir1/侯志勇_13.jpg
19,dir1/易春艳_5.jpg
18,dir1/尤宇轩_19.jpg
1534,dir8/subject_403_21.jpg
201,dir2/subject_275_10.jpg
200,dir2/subject_82_6.jpg
203,dir2/subject_68_8.jpg
202,dir2/subject_42_6.jpg
205,dir2/subject_23_7.jpg
204,dir2/subject_267_10.jpg
207,dir2/subject_248_4.jpg
206,dir2/subject_332_10.jpg
209,dir2/subject_229_5.jpg
208,dir2/subject_64_4.jpg
1573,dir8/subject_42_21.jpg
1572,dir8/subject_255_22.jpg
1571,dir8/subject_38_28.jpg
1570,dir8/subject_228_22.jpg
1577,dir8/subject_312_21.jpg
1576,dir8/subject_427_28.jpg
1575,dir8/subject_347_22.jpg
1574,dir8/subject_125_25.jpg
1829,dir9/subject_236_22.jpg
1828,dir9/subject_652_21.jpg
1825,dir9/subject_355_23.jpg
1824,dir9/subject_263_22.jpg
1827,dir9/subject_336_22.jpg
1826,dir9/subject_385_29.jpg
1821,dir9/subject_224_23.jpg
1820,dir9/subject_406_26.jpg
1823,dir9/subject_245_26.jpg
1822,dir9/subject_87_22.jpg
928,dir5/subject_262_21.jpg
929,dir5/subject_161_21.jpg
920,dir5/subject_327_30.jpg
921,dir5/subject_341_28.jpg
922,dir5/subject_155_26.jpg
923,dir5/subject_438_29.jpg
924,dir5/subject_100_27.jpg
925,dir5/subject_201_21.jpg
926,dir5/subject_94_21.jpg
927,dir5/subject_330_29.jpg
1920,dir9/subject_25_24.jpg
1921,dir9/subject_438_22.jpg
1922,dir9/subject_613_21.jpg
1923,dir9/subject_635_25.jpg
1924,dir9/subject_164_25.jpg
1925,dir9/subject_251_26.jpg
1926,dir9/subject_660_30.jpg
1927,dir9/subject_557_22.jpg
1928,dir9/subject_534_22.jpg
1929,dir9/subject_75_28.jpg
832,dir4/subject_434_26.jpg
833,dir4/subject_220_22.jpg
830,dir4/subject_66_23.jpg
831,dir4/subject_178_30.jpg
836,dir4/subject_379_23.jpg
837,dir4/subject_367_23.jpg
834,dir4/subject_119_21.jpg
835,dir4/subject_195_27.jpg
838,dir4/subject_107_21.jpg
839,dir4/subject_22_29.jpg
3,dir1/常娜_15.jpg
1532,dir8/subject_196_24.jpg
784,dir4/subject_66_26.jpg
785,dir4/subject_111_27.jpg
786,dir4/subject_33_27.jpg
787,dir4/subject_408_24.jpg
780,dir4/subject_200_25.jpg
781,dir4/subject_309_29.jpg
782,dir4/subject_217_29.jpg
783,dir4/subject_290_26.jpg
1726,dir9/subject_352_24.jpg
1727,dir9/subject_403_30.jpg
1724,dir9/subject_252_25.jpg
1725,dir9/subject_403_25.jpg
788,dir4/subject_40_22.jpg
789,dir4/subject_205_29.jpg
1720,dir9/subject_317_21.jpg
1721,dir9/subject_319_30.jpg
60,dir1/赖旭_5.jpg
61,dir1/常娜_1.jpg
62,dir1/贾国民_10.jpg
63,dir1/戴敏_8.jpg
64,dir1/邓 秀梅_5.jpg
65,dir1/邹冬梅_17.jpg
66,dir1/邓 秀梅_7.jpg
67,dir1/谢 林_2.jpg
68,dir1/白国军_10.jpg
69,dir1/牛晶晶_12.jpg
1371,dir7/subject_177_26.jpg
1588,dir8/subject_265_26.jpg
1589,dir8/subject_187_27.jpg
1370,dir7/subject_59_26.jpg
1582,dir8/subject_186_29.jpg
1583,dir8/subject_263_21.jpg
1580,dir8/subject_23_26.jpg
1581,dir8/subject_361_24.jpg
1586,dir8/subject_276_29.jpg
1373,dir7/subject_169_26.jpg
1584,dir8/subject_234_24.jpg
1585,dir8/subject_183_24.jpg
1038,dir5/subject_315_28.jpg
1039,dir5/subject_261_30.jpg
508,dir3/subject_442_27.jpg
509,dir3/subject_452_22.jpg
1032,dir5/subject_441_26.jpg
507,dir3/subject_452_23.jpg
1030,dir5/subject_236_22.jpg
505,dir3/subject_94_26.jpg
502,dir2/subject_332_9.jpg
503,dir2/subject_93_5.jpg
500,dir2/subject_279_3.jpg
501,dir2/subject_106_5.jpg
1212,dir6/subject_355_29.jpg
1213,dir6/subject_274_24.jpg
632,dir3/subject_49_28.jpg
633,dir3/subject_137_25.jpg
1216,dir6/subject_26_22.jpg
1217,dir6/subject_295_26.jpg
636,dir3/subject_361_24.jpg
637,dir3/subject_264_28.jpg
638,dir3/subject_156_22.jpg
639,dir3/subject_300_21.jpg
1218,dir6/subject_87_30.jpg
1219,dir6/subject_95_24.jpg
465,dir2/subject_211_10.jpg
1728,dir9/subject_560_30.jpg
1729,dir9/subject_242_21.jpg
1106,dir5/subject_367_26.jpg
1107,dir5/subject_438_22.jpg
1104,dir5/subject_208_26.jpg
1105,dir5/subject_220_27.jpg
1102,dir5/subject_294_25.jpg
1103,dir5/subject_27_21.jpg
1100,dir5/subject_450_28.jpg
1101,dir5/subject_457_21.jpg
1458,dir8/subject_262_21.jpg
1459,dir8/subject_171_26.jpg
1108,dir5/subject_298_24.jpg
1109,dir5/subject_51_29.jpg
1722,dir9/subject_177_23.jpg
1723,dir9/subject_469_29.jpg
1897,dir9/subject_204_25.jpg
1891,dir9/subject_337_28.jpg
216,dir2/subject_152_5.jpg
217,dir2/subject_174_6.jpg
214,dir2/subject_150_5.jpg
215,dir2/subject_131_4.jpg
212,dir2/subject_71_8.jpg
213,dir2/subject_320_10.jpg
210,dir2/subject_156_3.jpg
211,dir2/subject_44_1.jpg
1530,dir8/subject_228_29.jpg
218,dir2/subject_288_6.jpg
219,dir2/subject_38_7.jpg
4,dir1/庞婷婷_18.jpg
1858,dir9/subject_22_28.jpg
1859,dir9/subject_232_22.jpg
1850,dir9/subject_193_21.jpg
1851,dir9/subject_357_30.jpg
1852,dir9/subject_453_25.jpg
1853,dir9/subject_365_26.jpg
1854,dir9/subject_580_24.jpg
1855,dir9/subject_284_25.jpg
1856,dir9/subject_41_28.jpg
1857,dir9/subject_592_30.jpg
919,dir5/subject_43_22.jpg
918,dir5/subject_180_21.jpg
915,dir5/subject_201_30.jpg
914,dir5/subject_372_21.jpg
917,dir5/subject_53_27.jpg
916,dir5/subject_311_25.jpg
911,dir5/subject_335_21.jpg
910,dir5/subject_407_21.jpg
913,dir5/subject_86_24.jpg
912,dir5/subject_232_28.jpg
1930,dir9/subject_512_26.jpg
847,dir4/subject_171_29.jpg
846,dir4/subject_343_23.jpg
845,dir4/subject_72_30.jpg
844,dir4/subject_159_28.jpg
843,dir4/subject_308_22.jpg
842,dir4/subject_13_21.jpg
841,dir4/subject_142_30.jpg
840,dir4/subject_377_27.jpg
849,dir4/subject_13_23.jpg
848,dir4/subject_218_25.jpg
663,dir3/subject_119_23.jpg
1587,dir8/subject_162_27.jpg
1739,dir9/subject_663_25.jpg
1738,dir9/subject_209_22.jpg
1731,dir9/subject_511_30.jpg
1730,dir9/subject_177_22.jpg
1733,dir9/subject_429_22.jpg
1732,dir9/subject_315_25.jpg
662,dir3/subject_58_23.jpg
1734,dir9/subject_513_23.jpg
1737,dir9/subject_385_24.jpg
1736,dir9/subject_448_27.jpg
753,dir4/subject_289_21.jpg
752,dir4/subject_90_23.jpg
751,dir4/subject_350_22.jpg
750,dir4/subject_162_28.jpg
757,dir4/subject_364_22.jpg
756,dir4/subject_219_22.jpg
755,dir4/subject_12_24.jpg
754,dir4/subject_389_21.jpg
759,dir4/subject_74_28.jpg
758,dir4/subject_28_25.jpg
1595,dir8/subject_204_23.jpg
506,dir3/subject_115_28.jpg
1597,dir8/subject_267_22.jpg
1596,dir8/subject_279_23.jpg
1591,dir8/subject_284_25.jpg
1590,dir8/subject_402_27.jpg
1593,dir8/subject_91_23.jpg
1033,dir5/subject_61_29.jpg
1599,dir8/subject_81_27.jpg
504,dir3/subject_211_23.jpg
1025,dir5/subject_345_26.jpg
1024,dir5/subject_154_24.jpg
1027,dir5/subject_191_27.jpg
1031,dir5/subject_345_27.jpg
1021,dir5/subject_120_28.jpg
1020,dir5/subject_34_29.jpg
1023,dir5/subject_261_27.jpg
1022,dir5/subject_312_22.jpg
1036,dir5/subject_139_22.jpg
1029,dir5/subject_103_21.jpg
1028,dir5/subject_255_22.jpg
1037,dir5/subject_162_26.jpg
1034,dir5/subject_408_22.jpg
1035,dir5/subject_99_21.jpg
605,dir3/subject_95_27.jpg
604,dir3/subject_263_27.jpg
607,dir3/subject_146_21.jpg
606,dir3/subject_42_25.jpg
601,dir3/subject_78_30.jpg
600,dir3/subject_249_23.jpg
603,dir3/subject_469_23.jpg
602,dir3/subject_78_24.jpg
1205,dir6/subject_350_27.jpg
1204,dir6/subject_106_24.jpg
1207,dir6/subject_408_29.jpg
1206,dir6/subject_305_24.jpg
609,dir3/subject_64_21.jpg
1200,dir6/subject_122_30.jpg
1203,dir6/subject_122_25.jpg
1202,dir6/subject_274_27.jpg
1211,dir6/subject_92_21.jpg
634,dir3/subject_97_30.jpg
635,dir3/subject_315_28.jpg
1214,dir6/subject_95_29.jpg
1215,dir6/subject_167_22.jpg
1111,dir5/subject_279_27.jpg
1110,dir5/subject_322_23.jpg
1113,dir5/subject_386_24.jpg
1112,dir5/subject_482_25.jpg
1115,dir5/subject_16_28.jpg
1114,dir5/subject_220_26.jpg
1117,dir6/subject_237_27.jpg
464,dir2/subject_104_1.jpg
1119,dir6/subject_157_25.jpg
1118,dir6/subject_339_22.jpg
467,dir2/subject_25_8.jpg
1449,dir8/subject_337_21.jpg
1448,dir8/subject_171_23.jpg
466,dir2/subject_60_8.jpg
1357,dir7/subject_118_22.jpg
460,dir2/subject_240_1.jpg
1355,dir7/subject_207_24.jpg
489,dir2/subject_71_3.jpg
488,dir2/subject_297_8.jpg
487,dir2/subject_198_7.jpg
486,dir2/subject_279_2.jpg
485,dir2/subject_307_1.jpg
1354,dir7/subject_1_27.jpg
483,dir2/subject_198_5.jpg
482,dir2/subject_221_5.jpg
481,dir2/subject_259_5.jpg
480,dir2/subject_111_8.jpg
199,dir2/subject_209_1.jpg
198,dir2/subject_60_1.jpg
195,dir2/subject_268_4.jpg
194,dir2/subject_275_1.jpg
197,dir2/subject_275_5.jpg
196,dir2/subject_152_6.jpg
191,dir2/subject_165_9.jpg
190,dir2/subject_198_9.jpg
193,dir2/subject_230_1.jpg
192,dir2/subject_8_2.jpg
1454,dir8/subject_281_27.jpg
1455,dir8/subject_18_27.jpg
1456,dir8/subject_253_29.jpg
1457,dir8/subject_159_27.jpg
1450,dir8/subject_327_30.jpg
1451,dir8/subject_173_22.jpg
1452,dir8/subject_81_28.jpg
1453,dir8/subject_110_23.jpg
902,dir5/subject_294_28.jpg
903,dir5/subject_216_29.jpg
900,dir5/subject_383_30.jpg
901,dir5/subject_283_24.jpg
906,dir5/subject_262_25.jpg
907,dir5/subject_383_26.jpg
904,dir5/subject_83_29.jpg
905,dir5/subject_466_24.jpg
1843,dir9/subject_619_23.jpg
1511,dir8/subject_50_29.jpg
908,dir5/subject_329_30.jpg
909,dir5/subject_409_30.jpg
1847,dir9/subject_50_22.jpg
1846,dir9/subject_594_22.jpg
1845,dir9/subject_598_22.jpg
1844,dir9/subject_435_29.jpg
1908,dir9/subject_140_27.jpg
1909,dir9/subject_62_27.jpg
1906,dir9/subject_48_23.jpg
1907,dir9/subject_424_24.jpg
1904,dir9/subject_658_23.jpg
1905,dir9/subject_117_23.jpg
1902,dir9/subject_246_28.jpg
1903,dir9/subject_25_26.jpg
1900,dir9/subject_270_29.jpg
1901,dir9/subject_396_23.jpg
854,dir4/subject_303_28.jpg
855,dir4/subject_306_30.jpg
856,dir4/subject_206_30.jpg
857,dir4/subject_178_22.jpg
850,dir4/subject_81_25.jpg
851,dir4/subject_341_30.jpg
852,dir4/subject_438_30.jpg
853,dir4/subject_222_25.jpg
858,dir4/subject_343_24.jpg
859,dir4/subject_11_23.jpg
6,dir1/薛永华_3.jpg
740,dir4/subject_186_26.jpg
741,dir4/subject_231_26.jpg
742,dir4/subject_352_26.jpg
743,dir4/subject_63_21.jpg
744,dir4/subject_36_21.jpg
745,dir4/subject_352_27.jpg
746,dir4/subject_19_29.jpg
747,dir4/subject_26_30.jpg
748,dir4/subject_186_27.jpg
749,dir4/subject_1_25.jpg
1798,dir9/subject_406_21.jpg
1050,dir5/subject_247_21.jpg
1051,dir5/subject_194_28.jpg
1052,dir5/subject_357_24.jpg
1053,dir5/subject_65_29.jpg
1054,dir5/subject_220_22.jpg
1055,dir5/subject_482_21.jpg
1056,dir5/subject_455_23.jpg
1057,dir5/subject_304_23.jpg
1058,dir5/subject_174_30.jpg
1059,dir5/subject_341_27.jpg
1696,dir9/subject_69_25.jpg
1697,dir9/subject_117_28.jpg
1694,dir9/subject_423_26.jpg
1695,dir9/subject_41_24.jpg
1692,dir9/subject_580_28.jpg
1693,dir9/subject_284_29.jpg
1690,dir9/subject_480_28.jpg
1691,dir9/subject_405_22.jpg
1791,dir9/subject_4_23.jpg
1698,dir9/subject_419_27.jpg
1699,dir9/subject_155_25.jpg
1278,dir6/subject_407_28.jpg
1279,dir6/subject_400_21.jpg
618,dir3/subject_97_27.jpg
619,dir3/subject_290_21.jpg
612,dir3/subject_95_26.jpg
613,dir3/subject_23_21.jpg
610,dir3/subject_226_22.jpg
611,dir3/subject_63_29.jpg
616,dir3/subject_66_25.jpg
617,dir3/subject_359_23.jpg
614,dir3/subject_290_25.jpg
615,dir3/subject_50_24.jpg
1795,dir9/subject_516_30.jpg
1794,dir9/subject_212_25.jpg
1491,dir8/subject_116_27.jpg
1472,dir8/subject_384_28.jpg
1473,dir8/subject_393_30.jpg
1470,dir8/subject_98_22.jpg
1471,dir8/subject_18_24.jpg
1476,dir8/subject_24_23.jpg
1477,dir8/subject_395_22.jpg
1474,dir8/subject_194_25.jpg
1475,dir8/subject_361_28.jpg
1478,dir8/subject_55_23.jpg
1479,dir8/subject_28_23.jpg
1304,dir6/subject_394_27.jpg
1305,dir6/subject_178_21.jpg
1306,dir6/subject_43_28.jpg
1307,dir6/subject_168_24.jpg
1300,dir6/subject_204_30.jpg
1301,dir6/subject_308_24.jpg
1302,dir6/subject_308_30.jpg
1303,dir6/subject_318_21.jpg
1497,dir8/subject_219_27.jpg
1308,dir6/subject_455_26.jpg
1309,dir6/subject_164_24.jpg
498,dir2/subject_282_5.jpg
499,dir2/subject_264_6.jpg
494,dir2/subject_203_1.jpg
495,dir2/subject_95_3.jpg
496,dir2/subject_260_2.jpg
497,dir2/subject_102_1.jpg
490,dir2/subject_6_3.jpg
491,dir2/subject_221_7.jpg
492,dir2/subject_262_1.jpg
493,dir2/subject_158_7.jpg
24,dir1/钟艳_19.jpg
25,dir1/邹文_6.jpg
26,dir1/唐 振华_9.jpg
27,dir1/夏玲_5.jpg
20,dir1/夏玲_6.jpg
21,dir1/钟艳_18.jpg
22,dir1/董 玉华_3.jpg
23,dir1/薛永华_5.jpg
28,dir1/邓 学文_13.jpg
29,dir1/孙淑珍_11.jpg
1703,dir9/subject_246_23.jpg
1875,dir9/subject_597_29.jpg
1709,dir9/subject_405_23.jpg
7,dir1/姜兵_8.jpg
1879,dir9/subject_502_24.jpg
972,dir5/subject_118_25.jpg
1087,dir5/subject_386_26.jpg
1086,dir5/subject_98_29.jpg
1085,dir5/subject_320_24.jpg
1876,dir9/subject_150_26.jpg
1877,dir9/subject_230_24.jpg
1874,dir9/subject_293_28.jpg
1084,dir5/subject_27_26.jpg
1872,dir9/subject_265_27.jpg
1873,dir9/subject_150_24.jpg
1870,dir9/subject_93_27.jpg
1871,dir9/subject_230_26.jpg
1083,dir5/subject_330_25.jpg
1878,dir9/subject_330_24.jpg
1082,dir5/subject_457_24.jpg
977,dir5/subject_250_27.jpg
976,dir5/subject_446_26.jpg
975,dir5/subject_103_28.jpg
974,dir5/subject_209_26.jpg
973,dir5/subject_160_29.jpg
1081,dir5/subject_327_29.jpg
971,dir5/subject_387_24.jpg
970,dir5/subject_90_23.jpg
1080,dir5/subject_39_26.jpg
979,dir5/subject_34_23.jpg
978,dir5/subject_387_27.jpg
182,dir2/subject_273_7.jpg
183,dir2/subject_149_1.jpg
180,dir2/subject_23_2.jpg
181,dir2/subject_210_5.jpg
186,dir2/subject_271_5.jpg
187,dir2/subject_64_1.jpg
184,dir2/subject_210_4.jpg
185,dir2/subject_18_5.jpg
188,dir2/subject_42_2.jpg
189,dir2/subject_156_6.jpg
1559,dir8/subject_245_22.jpg
1919,dir9/subject_109_21.jpg
1918,dir9/subject_656_30.jpg
1464,dir8/subject_270_23.jpg
1911,dir9/subject_337_29.jpg
1910,dir9/subject_557_21.jpg
1913,dir9/subject_502_22.jpg
1912,dir9/subject_512_27.jpg
1915,dir9/subject_648_24.jpg
1914,dir9/subject_424_26.jpg
1917,dir9/subject_592_21.jpg
1916,dir9/subject_214_23.jpg
869,dir4/subject_369_21.jpg
868,dir4/subject_436_30.jpg
861,dir4/subject_13_26.jpg
860,dir4/subject_220_24.jpg
863,dir4/subject_270_29.jpg
862,dir4/subject_279_25.jpg
865,dir4/subject_417_28.jpg
864,dir4/subject_119_27.jpg
867,dir4/subject_152_27.jpg
866,dir4/subject_107_27.jpg
883,dir4/subject_13_25.jpg
882,dir4/subject_283_29.jpg
881,dir4/subject_306_23.jpg
880,dir4/subject_168_24.jpg
887,dir4/subject_367_26.jpg
886,dir4/subject_438_23.jpg
885,dir4/subject_369_23.jpg
884,dir4/subject_81_23.jpg
889,dir4/subject_195_23.jpg
888,dir4/subject_369_22.jpg
775,dir4/subject_333_30.jpg
774,dir4/subject_95_28.jpg
777,dir4/subject_259_28.jpg
776,dir4/subject_437_25.jpg
771,dir4/subject_122_27.jpg
770,dir4/subject_399_27.jpg
773,dir4/subject_309_30.jpg
772,dir4/subject_10_22.jpg
779,dir4/subject_19_22.jpg
778,dir4/subject_74_27.jpg
77,dir1/舒欣雨_20.jpg
76,dir1/何 春生_13.jpg
75,dir1/余萍_2.jpg
74,dir1/邹冬梅_3.jpg
73,dir1/戴敏_17.jpg
72,dir1/于 国平_6.jpg
71,dir1/戴敏_6.jpg
70,dir1/郭国强_9.jpg
79,dir1/戴敏_4.jpg
78,dir1/严佳_7.jpg
1043,dir5/subject_148_22.jpg
1042,dir5/subject_435_28.jpg
1041,dir5/subject_245_25.jpg
1040,dir5/subject_8_27.jpg
1047,dir5/subject_191_24.jpg
1046,dir5/subject_422_30.jpg
1045,dir5/subject_198_29.jpg
1044,dir5/subject_191_25.jpg
1049,dir5/subject_261_25.jpg
1048,dir5/subject_345_30.jpg
1681,dir9/subject_391_23.jpg
1680,dir9/subject_419_30.jpg
1683,dir9/subject_32_23.jpg
1682,dir9/subject_155_27.jpg
1685,dir9/subject_423_24.jpg
1684,dir9/subject_149_22.jpg
1687,dir9/subject_211_30.jpg
1686,dir9/subject_53_26.jpg
1689,dir9/subject_566_22.jpg
1688,dir9/subject_239_27.jpg
1269,dir6/subject_147_29.jpg
1268,dir6/subject_168_21.jpg
669,dir3/subject_189_24.jpg
668,dir3/subject_244_29.jpg
667,dir3/subject_447_21.jpg
1262,dir6/subject_404_21.jpg
665,dir3/subject_402_25.jpg
664,dir3/subject_96_28.jpg
1267,dir6/subject_133_25.jpg
1266,dir6/subject_253_27.jpg
1265,dir6/subject_166_24.jpg
1264,dir6/subject_23_27.jpg
1469,dir8/subject_128_24.jpg
1468,dir8/subject_291_21.jpg
1465,dir8/subject_56_28.jpg
1018,dir5/subject_137_24.jpg
1467,dir8/subject_360_27.jpg
1466,dir8/subject_79_21.jpg
1461,dir8/subject_18_25.jpg
1460,dir8/subject_344_27.jpg
1463,dir8/subject_203_26.jpg
1019,dir5/subject_475_23.jpg
1317,dir6/subject_253_23.jpg
1316,dir6/subject_140_30.jpg
1315,dir6/µÀ —˛_26.jpg
1314,dir6/subject_351_26.jpg
1313,dir6/subject_288_21.jpg
1312,dir6/subject_13_24.jpg
1311,dir6/subject_51_29.jpg
1310,dir6/subject_241_22.jpg
1319,dir7/subject_256_22.jpg
1318,dir7/subject_203_23.jpg
1010,dir5/subject_479_27.jpg
1011,dir5/subject_273_23.jpg
319,dir2/subject_153_6.jpg
318,dir2/subject_215_4.jpg
313,dir2/subject_171_1.jpg
312,dir2/subject_67_7.jpg
311,dir2/subject_237_3.jpg
310,dir2/subject_224_9.jpg
317,dir2/subject_278_8.jpg
316,dir2/subject_65_5.jpg
315,dir2/subject_183_10.jpg
314,dir2/subject_270_1.jpg
1335,dir7/subject_41_23.jpg
1334,dir7/subject_163_23.jpg
1337,dir7/subject_53_27.jpg
1336,dir7/subject_262_24.jpg
1331,dir7/subject_79_26.jpg
1330,dir7/subject_235_21.jpg
1333,dir7/subject_246_25.jpg
1332,dir7/subject_79_27.jpg
630,dir3/subject_249_27.jpg
631,dir3/subject_193_22.jpg
1521,dir8/subject_299_25.jpg
1861,dir9/subject_592_25.jpg
1860,dir9/subject_155_28.jpg
1863,dir9/subject_117_25.jpg
1862,dir9/subject_625_25.jpg
1865,dir9/subject_351_23.jpg
1864,dir9/subject_69_28.jpg
1867,dir9/subject_140_21.jpg
1866,dir9/subject_643_29.jpg
1869,dir9/subject_480_25.jpg
1868,dir9/subject_637_25.jpg
964,dir5/subject_19_29.jpg
965,dir5/subject_217_23.jpg
966,dir5/subject_317_23.jpg
967,dir5/subject_323_27.jpg
960,dir5/subject_4_28.jpg
961,dir5/subject_435_27.jpg
962,dir5/subject_252_26.jpg
963,dir5/subject_196_22.jpg
968,dir5/subject_472_27.jpg
969,dir5/subject_162_28.jpg
1560,dir8/subject_312_26.jpg
1241,dir6/subject_371_22.jpg
878,dir4/subject_206_21.jpg
1240,dir6/subject_40_25.jpg
876,dir4/subject_308_30.jpg
877,dir4/subject_133_22.jpg
874,dir4/subject_405_29.jpg
875,dir4/subject_208_24.jpg
872,dir4/subject_13_27.jpg
1243,dir6/subject_443_22.jpg
870,dir4/subject_81_21.jpg
871,dir4/subject_298_27.jpg
1242,dir6/subject_312_22.jpg
9,dir1/蒋 秀芝_1.jpg
1245,dir6/subject_52_25.jpg
1244,dir6/subject_78_21.jpg
890,dir4/subject_251_26.jpg
891,dir4/subject_286_30.jpg
892,dir4/subject_197_26.jpg
893,dir5/subject_51_24.jpg
894,dir5/subject_100_21.jpg
1247,dir6/subject_404_23.jpg
896,dir5/subject_464_22.jpg
897,dir5/subject_79_25.jpg
898,dir5/subject_79_24.jpg
899,dir5/subject_327_23.jpg
646,dir3/subject_402_27.jpg
1249,dir6/subject_21_21.jpg
648,dir3/subject_155_29.jpg
1537,dir8/subject_263_29.jpg
1788,dir9/subject_404_24.jpg
1789,dir9/subject_74_26.jpg
768,dir4/subject_175_23.jpg
769,dir4/subject_247_29.jpg
762,dir4/subject_63_24.jpg
763,dir4/subject_63_25.jpg
760,dir4/subject_403_23.jpg
761,dir4/subject_141_24.jpg
766,dir4/subject_172_28.jpg
767,dir4/subject_47_30.jpg
764,dir4/subject_82_26.jpg
765,dir4/subject_175_21.jpg
1078,dir5/subject_438_30.jpg
1079,dir5/subject_304_21.jpg
1076,dir5/subject_410_30.jpg
1077,dir5/subject_438_25.jpg
1074,dir5/subject_377_25.jpg
1075,dir5/subject_341_24.jpg
1072,dir5/subject_37_22.jpg
1073,dir5/subject_39_27.jpg
1070,dir5/subject_311_29.jpg
1071,dir5/subject_330_24.jpg
1678,dir9/subject_41_27.jpg
1561,dir8/subject_347_27.jpg
1674,dir9/subject_161_22.jpg
1675,dir9/subject_665_23.jpg
1676,dir9/subject_523_25.jpg
1677,dir9/subject_138_23.jpg
1670,dir9/subject_540_25.jpg
1671,dir9/subject_393_26.jpg
1672,dir9/subject_230_28.jpg
1673,dir9/subject_102_22.jpg
1094,dir5/subject_225_29.jpg
1095,dir5/subject_455_30.jpg
1096,dir5/subject_455_24.jpg
1097,dir5/subject_320_25.jpg
1090,dir5/subject_267_30.jpg
1091,dir5/subject_463_25.jpg
1092,dir5/subject_232_25.jpg
1093,dir5/subject_396_22.jpg
674,dir3/subject_225_29.jpg
675,dir3/subject_379_30.jpg
676,dir3/subject_375_30.jpg
677,dir3/subject_265_21.jpg
1098,dir5/subject_480_23.jpg
1099,dir5/subject_133_22.jpg
672,dir3/subject_442_28.jpg
673,dir3/subject_117_23.jpg
1533,dir8/subject_169_27.jpg
1418,dir7/subject_133_21.jpg
1419,dir8/subject_134_25.jpg
1410,dir7/subject_60_22.jpg
1411,dir7/subject_279_24.jpg
1412,dir7/subject_133_22.jpg
1413,dir7/subject_20_28.jpg
1414,dir7/subject_138_29.jpg
1415,dir7/subject_279_26.jpg
1416,dir7/subject_70_30.jpg
1417,dir7/subject_279_27.jpg
1322,dir7/subject_235_23.jpg
1323,dir7/subject_58_29.jpg
1320,dir7/subject_86_26.jpg
1321,dir7/subject_182_23.jpg
1326,dir7/subject_2_28.jpg
1327,dir7/subject_124_21.jpg
1324,dir7/subject_298_28.jpg
1325,dir7/subject_115_29.jpg
1328,dir7/subject_258_24.jpg
1329,dir7/subject_32_27.jpg
5,dir1/薛永华_2.jpg
1531,dir8/subject_38_22.jpg
1256,dir6/subject_144_22.jpg
1257,dir6/subject_23_26.jpg
1254,dir6/subject_324_22.jpg
1255,dir6/subject_302_30.jpg
1252,dir6/subject_312_23.jpg
1253,dir6/subject_224_22.jpg
1250,dir6/subject_26_28.jpg
1251,dir6/subject_338_27.jpg
1528,dir8/subject_432_28.jpg
1529,dir8/subject_207_21.jpg
1258,dir6/subject_319_28.jpg
1259,dir6/subject_186_29.jpg
308,dir2/subject_237_1.jpg
309,dir2/subject_328_1.jpg
300,dir2/subject_289_6.jpg
301,dir2/subject_315_2.jpg
302,dir2/subject_64_10.jpg
303,dir2/subject_317_1.jpg
304,dir2/subject_270_3.jpg
305,dir2/subject_162_9.jpg
306,dir2/subject_171_3.jpg
307,dir2/subject_211_2.jpg
1792,dir9/subject_8_23.jpg
470,dir2/subject_106_7.jpg
471,dir2/subject_221_4.jpg
1898,dir9/subject_660_26.jpg
1899,dir9/subject_574_28.jpg
1894,dir9/subject_301_29.jpg
1895,dir9/subject_637_22.jpg
1896,dir9/subject_644_27.jpg
1443,dir8/subject_110_26.jpg
1890,dir9/subject_211_28.jpg
476,dir2/subject_210_9.jpg
1892,dir9/subject_27_22.jpg
1893,dir9/subject_533_29.jpg
959,dir5/subject_175_25.jpg
958,dir5/subject_250_23.jpg
951,dir5/subject_28_22.jpg
950,dir5/subject_469_28.jpg
953,dir5/subject_261_29.jpg
952,dir5/subject_345_28.jpg
955,dir5/subject_472_24.jpg
954,dir5/subject_215_25.jpg
957,dir5/subject_90_22.jpg
956,dir5/subject_250_21.jpg
1442,dir8/subject_270_24.jpg
477,dir2/subject_260_1.jpg
1440,dir8/subject_360_21.jpg
1790,dir9/subject_103_27.jpg
1263,dir6/subject_4_26.jpg
666,dir3/subject_105_26.jpg
1261,dir6/subject_92_29.jpg
1799,dir9/subject_649_29.jpg
1260,dir6/subject_403_29.jpg
719,dir4/subject_155_25.jpg
718,dir4/subject_421_23.jpg
717,dir4/subject_142_29.jpg
716,dir4/subject_407_27.jpg
715,dir4/subject_329_22.jpg
714,dir4/subject_84_26.jpg
713,dir4/subject_20_23.jpg
712,dir4/subject_16_22.jpg
711,dir4/subject_161_23.jpg
710,dir4/subject_134_22.jpg
661,dir3/subject_360_28.jpg
660,dir3/subject_369_24.jpg
1069,dir5/subject_54_22.jpg
1068,dir5/subject_84_29.jpg
1061,dir5/subject_367_23.jpg
1060,dir5/subject_436_23.jpg
1063,dir5/subject_367_22.jpg
1062,dir5/subject_438_26.jpg
1065,dir5/subject_174_25.jpg
1064,dir5/subject_214_27.jpg
1067,dir5/subject_189_23.jpg
1066,dir5/subject_473_26.jpg
1669,dir9/subject_499_22.jpg
1668,dir9/subject_301_30.jpg
1667,dir9/subject_550_30.jpg
1666,dir9/subject_94_24.jpg
1665,dir9/subject_423_21.jpg
1664,dir9/subject_523_21.jpg
1663,dir9/subject_246_25.jpg
1662,dir9/subject_100_22.jpg
1661,dir9/subject_32_27.jpg
1660,dir9/subject_270_25.jpg
591,dir3/subject_4_23.jpg
590,dir3/subject_458_29.jpg
593,dir3/subject_6_26.jpg
592,dir3/subject_334_21.jpg
595,dir3/subject_420_25.jpg
594,dir3/subject_87_25.jpg
597,dir3/subject_380_21.jpg
596,dir3/subject_165_29.jpg
599,dir3/subject_212_27.jpg
598,dir3/subject_66_30.jpg
1089,dir5/subject_436_30.jpg
1088,dir5/subject_410_21.jpg
1409,dir7/subject_298_26.jpg
1408,dir7/subject_187_21.jpg
1403,dir7/subject_81_25.jpg
1402,dir7/subject_35_27.jpg
1401,dir7/subject_256_28.jpg
1400,dir7/subject_133_26.jpg
1407,dir7/subject_294_22.jpg
1406,dir7/subject_239_29.jpg
1405,dir7/subject_2_22.jpg
1404,dir7/subject_93_30.jpg
1546,dir8/subject_200_30.jpg
449,dir2/subject_334_9.jpg
448,dir2/subject_53_3.jpg
1339,dir7/subject_14_26.jpg
1338,dir7/subject_138_23.jpg
1547,dir8/subject_228_24.jpg
443,dir2/subject_143_2.jpg
442,dir2/subject_279_4.jpg
441,dir2/subject_286_6.jpg
440,dir2/subject_48_1.jpg
447,dir2/subject_327_2.jpg
446,dir2/subject_145_4.jpg
445,dir2/subject_98_10.jpg
444,dir2/subject_198_1.jpg
1520,dir8/subject_59_30.jpg
1542,dir8/subject_194_21.jpg
1543,dir8/subject_287_26.jpg
39,dir1/梅欣怡_1.jpg
38,dir1/舒欣雨_16.jpg
1540,dir8/subject_247_28.jpg
33,dir1/李建国_6.jpg
32,dir1/朱秀荣_2.jpg
31,dir1/文阳_15.jpg
30,dir1/赵 凤英_9.jpg
37,dir1/周 和平_20.jpg
36,dir1/孙玉林_1.jpg
35,dir1/樊坤_7.jpg
34,dir1/文婷_13.jpg
641,dir3/subject_226_30.jpg
640,dir3/subject_148_22.jpg
643,dir3/subject_66_23.jpg
642,dir3/subject_469_24.jpg
645,dir3/subject_189_22.jpg
644,dir3/subject_447_23.jpg
647,dir3/subject_279_23.jpg
1246,dir6/subject_26_29.jpg
649,dir3/subject_463_22.jpg
1248,dir6/subject_226_27.jpg
1539,dir8/subject_266_25.jpg
1538,dir8/subject_153_26.jpg
339,dir2/subject_72_6.jpg
338,dir2/subject_252_10.jpg
335,dir2/subject_211_1.jpg
334,dir2/subject_237_2.jpg
337,dir2/subject_33_3.jpg
336,dir2/subject_224_8.jpg
331,dir2/subject_210_10.jpg
330,dir2/subject_285_9.jpg
333,dir2/subject_67_6.jpg
332,dir2/subject_78_1.jpg
1026,dir5/subject_481_29.jpg
8,dir1/汤龙_5.jpg
1462,dir8/subject_281_25.jpg
1889,dir9/subject_480_26.jpg
1888,dir9/subject_557_24.jpg
1887,dir9/subject_39_26.jpg
1886,dir9/subject_660_22.jpg
1885,dir9/subject_377_24.jpg
1884,dir9/subject_656_23.jpg
1883,dir9/subject_232_21.jpg
1882,dir9/subject_592_27.jpg
1881,dir9/subject_407_28.jpg
1880,dir9/subject_62_23.jpg
948,dir5/subject_38_27.jpg
949,dir5/subject_403_24.jpg
946,dir5/subject_481_26.jpg
947,dir5/subject_273_29.jpg
944,dir5/subject_446_21.jpg
945,dir5/subject_345_29.jpg
942,dir5/subject_12_22.jpg
943,dir5/subject_334_29.jpg
940,dir5/subject_311_27.jpg
941,dir5/subject_287_22.jpg
133,dir1/孙淑珍_1.jpg
132,dir1/何 淑兰_15.jpg
131,dir1/漕琼_1.jpg
130,dir1/邹文_13.jpg
137,dir1/邱磊_9.jpg
136,dir1/邓 秀梅_16.jpg
135,dir1/曹志强_17.jpg
134,dir1/陆小英_8.jpg
139,dir1/卢 英_1.jpg
138,dir1/邓 秀梅_14.jpg
1793,dir9/subject_537_29.jpg
708,dir4/subject_32_23.jpg
709,dir4/subject_147_27.jpg
704,dir4/subject_93_29.jpg
705,dir4/subject_438_29.jpg
706,dir4/subject_155_27.jpg
707,dir4/subject_51_23.jpg
700,dir4/subject_281_22.jpg
701,dir4/subject_329_25.jpg
702,dir4/subject_197_29.jpg
703,dir4/subject_211_25.jpg
88,dir1/卢 英_19.jpg
89,dir1/余萍_5.jpg
82,dir1/汤龙_20.jpg
83,dir1/潘刚_6.jpg
80,dir1/钟艳_9.jpg
81,dir1/任静_2.jpg
86,dir1/夏玲_12.jpg
87,dir1/文阳_9.jpg
84,dir1/姜兵_16.jpg
85,dir1/金胜利_19.jpg
1658,dir9/subject_134_26.jpg
1659,dir9/subject_161_27.jpg
1652,dir9/subject_665_24.jpg
1388,dir7/subject_23_30.jpg
1650,dir9/subject_423_22.jpg
1651,dir9/subject_140_28.jpg
1656,dir9/subject_75_26.jpg
1657,dir9/subject_43_27.jpg
1654,dir9/subject_294_28.jpg
1389,dir7/subject_137_27.jpg
586,dir3/subject_101_23.jpg
587,dir3/subject_170_23.jpg
584,dir3/subject_250_29.jpg
585,dir3/subject_212_24.jpg
582,dir3/subject_12_26.jpg
583,dir3/subject_97_21.jpg
580,dir3/subject_263_29.jpg
581,dir3/subject_179_22.jpg
588,dir3/subject_156_27.jpg
589,dir3/subject_200_24.jpg
1633,dir9/subject_53_21.jpg
1436,dir8/subject_325_24.jpg
1437,dir8/subject_126_26.jpg
1434,dir8/subject_354_24.jpg
1435,dir8/subject_67_26.jpg
1432,dir8/subject_415_21.jpg
1433,dir8/subject_337_30.jpg
1430,dir8/subject_293_21.jpg
1431,dir8/subject_171_22.jpg
1380,dir7/subject_21_25.jpg
1438,dir8/subject_235_21.jpg
1381,dir7/subject_4_21.jpg
1349,dir7/subject_147_25.jpg
1541,dir8/subject_299_26.jpg
1348,dir7/subject_133_29.jpg
459,dir2/subject_10_5.jpg
450,dir2/subject_238_1.jpg
451,dir2/subject_14_1.jpg
452,dir2/subject_325_10.jpg
1343,dir7/subject_248_25.jpg
1344,dir7/subject_203_24.jpg
1345,dir7/subject_84_30.jpg
456,dir2/subject_6_4.jpg
457,dir2/subject_106_3.jpg
656,dir3/subject_190_28.jpg
657,dir3/subject_298_23.jpg
654,dir3/subject_468_28.jpg
655,dir3/subject_29_22.jpg
652,dir3/subject_150_30.jpg
653,dir3/subject_243_23.jpg
650,dir3/subject_100_29.jpg
651,dir3/subject_155_28.jpg
1508,dir8/subject_299_30.jpg
1509,dir8/subject_399_30.jpg
658,dir3/subject_410_30.jpg
516,dir3/subject_18_22.jpg
1376,dir7/subject_209_25.jpg
322,dir2/subject_54_8.jpg
323,dir2/subject_24_1.jpg
320,dir2/subject_252_6.jpg
321,dir2/subject_217_6.jpg
326,dir2/subject_289_4.jpg
327,dir2/subject_39_5.jpg
324,dir2/subject_294_1.jpg
325,dir2/subject_217_7.jpg
328,dir2/subject_153_7.jpg
329,dir2/subject_116_7.jpg
1340,dir7/subject_258_21.jpg
1594,dir8/subject_164_21.jpg
1341,dir7/subject_248_24.jpg
1592,dir8/subject_275_23.jpg
1598,dir8/subject_296_30.jpg
995,dir5/subject_236_25.jpg
994,dir5/subject_8_22.jpg
997,dir5/subject_479_25.jpg
996,dir5/subject_160_26.jpg
991,dir5/subject_90_25.jpg
990,dir5/subject_429_25.jpg
993,dir5/subject_261_21.jpg
992,dir5/subject_408_25.jpg
999,dir5/subject_103_27.jpg
998,dir5/subject_160_27.jpg
120,dir1/王 建华_5.jpg
121,dir1/张 秀兰_20.jpg
122,dir1/邓 秀梅_12.jpg
123,dir1/董 玉华_10.jpg
124,dir1/施洁_15.jpg
125,dir1/姜兵_2.jpg
126,dir1/曹志强_12.jpg
127,dir1/俞浩然_3.jpg
128,dir1/余萍_10.jpg
129,dir1/严佳_10.jpg
1748,dir9/subject_50_29.jpg
1749,dir9/subject_106_25.jpg
1645,dir9/subject_70_29.jpg
1644,dir9/subject_86_26.jpg
1647,dir9/subject_648_29.jpg
1646,dir9/subject_25_28.jpg
1641,dir9/subject_542_26.jpg
1640,dir9/subject_648_28.jpg
1643,dir9/subject_126_25.jpg
1642,dir9/subject_248_22.jpg
1649,dir9/subject_270_27.jpg
1648,dir9/subject_69_21.jpg
1742,dir9/subject_513_22.jpg
1743,dir9/subject_106_21.jpg
579,dir3/subject_458_25.jpg
578,dir3/subject_45_22.jpg
573,dir3/subject_92_21.jpg
572,dir3/subject_55_26.jpg
571,dir3/subject_266_24.jpg
570,dir3/subject_312_28.jpg
577,dir3/subject_374_25.jpg
576,dir3/subject_63_26.jpg
575,dir3/subject_63_27.jpg
574,dir3/subject_309_24.jpg
1209,dir6/subject_439_21.jpg
1208,dir6/subject_116_23.jpg
1421,dir8/subject_149_25.jpg
1420,dir8/subject_327_22.jpg
1423,dir8/subject_86_26.jpg
1422,dir8/subject_126_25.jpg
1425,dir8/subject_173_25.jpg
1424,dir8/subject_128_21.jpg
1427,dir8/subject_161_25.jpg
1426,dir8/subject_110_25.jpg
1429,dir8/subject_337_26.jpg
1428,dir8/subject_201_27.jpg
731,dir4/subject_28_22.jpg
730,dir4/subject_186_30.jpg
733,dir4/subject_361_29.jpg
732,dir4/subject_153_23.jpg
735,dir4/subject_175_27.jpg
734,dir4/subject_1_26.jpg
737,dir4/subject_40_29.jpg
736,dir4/subject_130_23.jpg
739,dir4/subject_122_21.jpg
738,dir4/subject_233_23.jpg
1359,dir7/subject_151_25.jpg
1358,dir7/subject_297_30.jpg
469,dir2/subject_143_7.jpg
468,dir2/subject_307_2.jpg
1353,dir7/subject_262_22.jpg
1352,dir7/subject_138_21.jpg
1351,dir7/subject_235_26.jpg
1350,dir7/subject_163_30.jpg
461,dir2/subject_275_8.jpg
1356,dir7/subject_240_30.jpg
463,dir2/subject_174_8.jpg
462,dir2/subject_205_1.jpg
1273,dir6/subject_91_22.jpg
1519,dir8/subject_366_26.jpg
1518,dir8/subject_92_23.jpg
1515,dir8/subject_221_26.jpg
1514,dir8/subject_285_21.jpg
1517,dir8/subject_148_29.jpg
1516,dir8/subject_196_26.jpg
1274,dir6/subject_62_21.jpg
1510,dir8/subject_397_21.jpg
1513,dir8/subject_231_23.jpg
1512,dir8/subject_82_27.jpg
1735,dir9/subject_242_23.jpg
1275,dir6/subject_306_27.jpg
357,dir2/subject_241_2.jpg
356,dir2/subject_306_5.jpg
355,dir2/subject_5_4.jpg
354,dir2/subject_153_9.jpg
353,dir2/subject_276_8.jpg
352,dir2/subject_142_1.jpg
351,dir2/subject_43_9.jpg
350,dir2/subject_159_2.jpg
359,dir2/subject_49_3.jpg
358,dir2/subject_118_7.jpg
1447,dir8/subject_337_25.jpg
1446,dir8/subject_159_22.jpg
1445,dir8/subject_197_29.jpg
289,dir2/subject_237_4.jpg
288,dir2/subject_78_7.jpg
1444,dir8/subject_424_28.jpg
281,dir2/subject_81_3.jpg
280,dir2/subject_252_1.jpg
283,dir2/subject_130_2.jpg
282,dir2/subject_282_10.jpg
285,dir2/subject_289_2.jpg
284,dir2/subject_153_1.jpg
287,dir2/subject_235_6.jpg
286,dir2/subject_151_3.jpg
1441,dir8/subject_246_25.jpg
1116,dir5/subject_394_24.jpg
263,dir2/subject_235_5.jpg
262,dir2/subject_311_1.jpg
261,dir2/subject_177_3.jpg
260,dir2/subject_289_1.jpg
267,dir2/subject_67_1.jpg
266,dir2/subject_155_6.jpg
265,dir2/subject_136_7.jpg
264,dir2/subject_138_8.jpg
269,dir2/subject_270_7.jpg
268,dir2/subject_290_2.jpg
1562,dir8/subject_271_26.jpg
1563,dir8/subject_389_28.jpg
1564,dir8/subject_193_23.jpg
1565,dir8/subject_347_23.jpg
1566,dir8/subject_183_26.jpg
1567,dir8/subject_4_24.jpg
988,dir5/subject_312_29.jpg
989,dir5/subject_61_23.jpg
982,dir5/subject_209_30.jpg
983,dir5/subject_274_25.jpg
980,dir5/subject_177_26.jpg
981,dir5/subject_395_27.jpg
986,dir5/subject_242_24.jpg
987,dir5/subject_242_30.jpg
984,dir5/subject_285_23.jpg
985,dir5/subject_446_25.jpg
115,dir1/袁 华_11.jpg
114,dir1/秦红霞_4.jpg
117,dir1/夏玲_8.jpg
116,dir1/杨 秀珍_6.jpg
111,dir1/施洁_1.jpg
110,dir1/余萍_12.jpg
113,dir1/孟艳红_17.jpg
112,dir1/钱颖_19.jpg
119,dir1/尤宇轩_15.jpg
118,dir1/李秀英_16.jpg
1797,dir9/subject_205_29.jpg
1796,dir9/subject_111_27.jpg
1630,dir8/subject_119_25.jpg
1631,dir8/subject_320_26.jpg
1632,dir8/subject_150_21.jpg
484,dir2/subject_71_1.jpg
1634,dir9/subject_597_21.jpg
1635,dir9/subject_29_28.jpg
1636,dir9/subject_337_27.jpg
1637,dir9/subject_466_27.jpg
1638,dir9/subject_665_25.jpg
1639,dir9/subject_635_28.jpg
568,dir3/subject_305_30.jpg
569,dir3/subject_397_22.jpg
560,dir3/subject_63_25.jpg
561,dir3/subject_374_26.jpg
562,dir3/subject_425_26.jpg
563,dir3/subject_264_23.jpg
564,dir3/subject_55_30.jpg
565,dir3/subject_223_22.jpg
566,dir3/subject_276_23.jpg
567,dir3/subject_250_25.jpg
1188,dir6/subject_8_28.jpg
1189,dir6/subject_132_24.jpg
1186,dir6/subject_68_28.jpg
1187,dir6/subject_297_24.jpg
1184,dir6/subject_130